レトロスペース坂会館,1,札幌市西区二十四軒3条７丁目3-22,,,,
夕張市石炭博物館,1,夕張市高松7番1号,,,夕張駅から約5分または無料シャトルバス,
旭川市科学館「サイパル」,1,旭川市宮前通東,,,,http://www.city.asahikawa.hokkaido.jp/files/kagakukan/index.html
厚岸水鳥観察館,1,厚岸郡厚岸町サンヌシ６６番地,,,,http://www.marimo.or.jp/AWOC/
網走郷土博物館　,1,網走市桂町1-1-3,,,,http://www.city.abashiri.hokkaido.jp/web/PD_Cont.nsf/0/facd19f1e873ec6849256caa000a32bf?OpenDocument
アイヌ民俗博物館　,1,白老郡白老町若草町2-3-4,,,,http://www.ainu-museum.or.jp/index.html
井上靖記念館　,1,旭川市春光5条7-5-41,,,,http://www.fukido.co.jp/inoue/idx_ino.html
(財)日本野鳥の会ウトナイ湖サンクチュアリ「ネイチャー・センター」　,1,苫小牧市植苗150-3,,,,http://park15.wakwak.com/~wbsjsc/011/top/menu.html
オケクラフトセンター森林工芸館　,1,常呂郡置戸町字置戸439番地4,,,,http://www.town.oketo.hokkaido.jp/kougeihp/index.htm
小樽交通記念館　,1,小樽市手宮1-3-6,,,,http://www.otarukoutsukinenkan.com/
小樽市青少年科学技術館　,1,小樽市緑１-９-１,,,,http://www.city.otaru.hokkaido.jp/kyouiku/osc/
オホーツク流氷館　,1,網走市天都山245番地1,,,,http://www.ryuhyokan.com/
開陽丸青少年センター,1,檜山郡江差町姥神町1-10,,,,http://www.h6.dion.ne.jp/~kaiyou/
上湧別町ふるさと館JRY　,1,紋別郡上湧別町字北兵村1区588,,,,http://www.kamiyu.org/sisetu/jry/
黒松内町ブナセンター　,1,寿都郡黒松内町字黒松内512-1,,,,http://www.host.or.jp/user/bunacent/
札幌市豊平川さけ科学館　,1,札幌市南区真駒内公園2-1,,,,http://www.sapporo-park.or.jp/sake/
札幌下水道科学館　,1,札幌市北区麻生町8丁目,,,,http://www.city.sapporo.jp/gesui/05kagakukan/0501kagakukan.html
札幌ウィンタースポーツミュージアム　,1,札幌市中央区宮の森1274番地（大倉山ジャンプ競技場内）,,,,http://www.sapporowintersportsmuseum.com/
サッポロビール博物館　,1,札幌市東区北7条東9-1-1,,,,http://www.sapporobeer.jp/brewery/s_museum/
市立小樽文学館　,1,小樽市色内1-9-5,,,,http://www4.ocn.ne.jp/~otarubun/bungakukan/yakataindex.html
博物館　網走監獄　,1,網走市呼人1-1,,,,http://www.kangoku.jp/
霧多布湿原センター　,1,厚岸郡浜中町大字琵琶瀬村字四番沢103-19,,,,http://www.marimo.or.jp/Kiritappu_Shitsugen/
美幌農業館　,1,網走郡美幌町みどり253-4,,,,http://www.town.bihoro.hokkaido.jp/bibot/index.html
美幌博物館　,1,網走郡美幌町みどり253-4,,,,http://www.town.bihoro.hokkaido.jp/museum/
北海道大学北方生物圏フィールド科学センター　,1,札幌市北区北11西10,,,,http://www.hokudai.ac.jp/fsc/
北大植物園　,1,札幌市中央区北3条西8丁目,,,,http://www.hokudai.ac.jp/fsc/bg/
北海道開拓記念館　,1,札幌市厚別区厚別町小野幌53-2,,,,http://www.hmh.pref.hokkaido.jp/
北海道開拓の村　,1,札幌市厚別区厚別町小野幌50-1,,,,http://www.kaitaku.or.jp/
北海道立オホーツク流氷科学センター　,1,紋別市元紋別11-6,,,,http://giza-ryuhyo.com/
北海道立北方民族博物館 　,1,網走市字潮見309-1,,,,http://hoppohm.org/
穂別地球体験館　,1,勇払郡穂別町字穂別79-5,,,,http://www.hokkai.or.jp/hobetsu/taikenkan/
丸瀬布町昆虫生態館　,1,紋別郡丸瀬布町上武利,,,,http://www.phoenix-c.or.jp/~maruya/mainsect/home.htm
三浦綾子記念文学館　,1,旭川市神楽7条8丁目2-15,,,,http://www.eolas.co.jp/hokkaido/hyouten/
渡辺淳一文学館　,1,札幌市中央区南12条西6丁目414,,,,http://www.elleair.co.jp/watanabe/
稚内市青少年科学館　,1,稚内市ノシャップ2-2-6,,,,http://www.city.wakkanai.hokkaido.jp/kagakukan/
青森県近代文学館 　,2,青森市荒川字藤戸119-7,,,,http://www.plib.net.pref.aomori.jp/museum/index.html
青森県立三沢航空科学館　,2,三沢市大字三沢字北山158,,,,http://www.kokukagaku.jp/
青森市森林博物館　,2,青森市柳川2-4-37,,,,http://www.city.aomori.aomori.jp/koho/ksi/mp013.html
秋田雨雀記念館　,2,黒石市大字内町31-19,,,,http://www.jomon.ne.jp/~kkk/k_akita.htm
田舎館村埋蔵文化財センター,2,南津軽郡田舎館村大字高樋字大曲63,,,,http://www.vill.inakadate.aomori.jp/maizou/
青函連絡船メモリアルシップ八甲田丸　,2,青森市柳川1-112-15地先,,,,http://www7.ocn.ne.jp/~hakkouda/index.html
寺山修司記念館　,2,三沢市大字三沢字淋代平116-2955,,,,http://shuji-museum.misawasi.com/
津軽伝承工芸館・こけし館　,2,黒石市大字袋字富山65-1,,,,http://tsugarudensho.com/
中泊町博物館　,2,中泊町中里字紅葉坂210,,,,http://www2.town.nakadomari.aomori.jp/hakubutsukan/
八戸市水産科学館,2,八戸市大字鮫町字下松苗場14-33,,,,http://www.marient.org/
みちのく北方漁船博物館　,2,青森市沖館2-2-1,,,,http://www.mtwbm.com/
三沢市先人記念館　,2,三沢市谷地頭4-298-652,,,,http://senjin.misawasi.com/
三沢市歴史民俗資料館　,2,三沢市大字三沢字淋代平116-2955,,,,http://museum.misawasi.com/
石川啄木記念館　,3,盛岡市玉山区渋民字渋民9,,,,http://www.echna.ne.jp/~takuboku/
牛の博物館　,3,奥州市前沢区字南陣場103-1,,,,http://www.isop.ne.jp/atrui/mhaku.html
海と貝のミュージアム　,3,陸前高田市高田町字下宿55,,,,http://www.city.rikuzentakata.iwate.jp/kakuka/umikai/top.htm
釜石市立 鉄の歴史館　,3,釜石市大平町3-12-7,,,,http://www.city.kamaishi.iwate.jp/rekishikan/top.html
久慈琥珀博物館　,3,久慈市小久慈町19-156-133,,,,http://www.kuji.co.jp/
気仙大工左官伝承館　,3,陸前高田市小友町字茗荷1-237,,,,http://www.3riku.jp/kanko/docs/attractions/denshoukan.html
後藤新平記念館　,3,奥州市水沢区大手町4-1,,,,http://www.city.oshu.iwate.jp/shinpei/
斎藤實記念館　,3,奥州市水沢区字吉小路24番地,,,,http://www.city.oshu.iwate.jp/htm/soshiki/syakai/kousui/index.html
盛岡市先人記念館　,3,盛岡市本宮字蛇屋敷2-2,,,,http://www2.city.morioka.iwate.jp/14kyoiku/senjin/senjin/index.html
高野長英記念館　,3,奥州市水沢区中上野1番9号,,,,http://www.city.oshu.iwate.jp/syuzou01/
日本現代詩歌文学館　,3,北上市本石町2-5-60,,,,http://www.shiikabun.jp/
鯨と海の科学館　,3,下閉伊郡山田町船越,,,,http://www.town.yamada.iwate.jp/kujirakan/
殿上村メーメーランド,4,柴田郡川崎町支倉字殿上山1-69,,,,
斎藤報恩会自然史博物館　,4,仙台市青葉区本町2-20-２,,,,http://www.saitoho-on.com/
仙台市 地底の森ミュージアム,4,仙台市太白区長町南4-3-1,,,,http://www.city.sendai.jp/kyouiku/chiteinomori/index.html
仙台文学館　,4,仙台市青葉区北根2-7-1,,,,http://www.lit.city.sendai.jp/hp/index-sml.htm
東北大学理学部 自然史標本館　,4,仙台市青葉区荒巻字青葉,,,,http://www.dges.tohoku.ac.jp/museum/museumj.html
東北大学植物園　,4,仙台市青葉区川内12番2号,,,,http://www.biology.tohoku.ac.jp/garden/index.html
東北歴史博物館　,4,多賀城市高崎1-22-1,,,,http://www.thm.pref.miyagi.jp/
宮城県慶長使節船ミュージアム　,4,石巻市渡波字大森30番地2,,,,http://www.santjuan.or.jp/
秋田県立農業科学館　,5,大仙市内小友字中沢171-4,,,,http://www.akita-c.ed.jp/~mus-agri/
秋田市民俗芸能伝承館,5,秋田市大町1ｰ3ｰ30,,,,http://www.city.akita.akita.jp/city/ed/ak/fm/fmtop.htm
秋田大学鉱山学部附属鉱業博物館　,5,秋田市手形字大沢28-2,,,,http://www.mus.akita-u.ac.jp/
大太鼓の館　,5,北秋田市綴子字大堤道下62-1,,,,http://www.city.kitaakita.akita.jp/kankou/taka-yakata.htm
大潟村干拓博物館　,5,南秋田郡大潟村字西５-２,,,,http://www.ogata.or.jp/poldermuseum/
小坂町総合博物館郷土館　,5,鹿角郡小坂町小坂字中前田48-1,,,,http://www.town.kosaka.akita.jp/kyoudokan/kyoudokan.htm
康楽館　,5,鹿角郡小坂町小坂鉱山字松ノ下２,,,,http://www.town.kosaka.akita.jp/kourakukan/kourakukan.htm
スターハウス・コスモワールド　,5,由利本荘市西沢字南由利原358,,,,http://www.akita-kenmin.jp/hosinokai/cosumo.html
なまはげ館　,5,男鹿市北浦真山字水喰沢,,,,http://www.namahage.co.jp/namahagekan/
フェライト子ども科学館　,5,にかほ市平沢字宝田4-1,,,,http://www.ferrite.jp/
月山あさひ博物村　,6,東田川郡朝日村大字越中山字名平3-1,,,,http://www.gassanasahi-hakubutsumura.co.jp/
致道博物館　,6,鶴岡市家中新町10-18,,,,http://www7.ocn.ne.jp/~chido/
天童オルゴール博物館　,6,天童市貫津鍬ノ町2567,,,,http://www.arsbel-tendo.com/
浜田広介記念館　,6,東置賜郡高畠町大字一本柳2110番地,,,,http://www.takahata.or.jp/user/hirosuke/
山形県郷土館「文翔館」　,6,山形市旅篭町3-4-51,,,,http://www.yugakukan.or.jp/bunsyokan/
山寺芭蕉記念館　,6,山形市大字山寺字南院4223番地,,,,http://www.city.yamagata.yamagata.jp/yamadera-basho/
雪の里情報館 　,6,新庄市石川町4番15号,,,,http://www.ic-net.or.jp/home/shinjo/yukinosato.htm
いわき市石炭化石館,7,いわき市常磐湯本町向田3番地の1,,,,http://www.sekitankasekikan.or.jp/
郡山市ふれあい科学館 スペースパーク,7,郡山市駅前二丁目11番1号,,,,http://www.space-park.jp/
磐梯山噴火記念館　,7,耶麻郡北塩原村桧原字剣ヶ峰1093-36,,,,http://www.bandaimuse.jp/
白虎隊記念館　,7,会津若松市一箕町大字八幡字弁天下33,,,,http://www.h3.dion.ne.jp/~byakko/
福島市古関裕而記念館　,7,福島市入江町1-1,,,,http://www.kosekiyuji-kinenkan.jp/
ムシテックワールド　,7,須賀川市虹の台100,,,,http://www.mushitec-fukushima.gr.jp/
吉田富三記念館　,7,石川郡浅川町大字袖山字森下287,,,,http://www.tomizo.or.jp/
牛久大仏,8,牛久市久野町2083,,,,
ダチョウ王国,8,石岡市半の木14052,,,,
がま公園,8,つくば市沼田,,,,
東筑波ユートピア,8,石岡市吉生2730-3,,,,
大洗わくわく科学館　,8,東茨城郡大洗町港中央12番地,,,,http://www.jaea.go.jp/09/wakuwaku/
地質標本館　,8,つくば市東1-1-1,,,,http://www.gsj.jp/Muse/
つくばエキスポセンター　,8,つくば市吾妻2-9,,,,http://www.expocenter.or.jp/
日立シビックセンター科学館　,8,日立市幸町1-21-1,,,,http://www.civic.jp/science/index.html
間宮林蔵記念館　,8,筑波郡伊奈町上平柳63-1,,,,http://www.asahi-net.or.jp/~XC8M-MMY/
吉田正音楽記念館　,8,日立市宮田町5-2-25,,,,http://www.yoshidatadashiongakukinenkan.org/
ピラミッド温泉,9,那須塩原市接骨木493-4,,,,
大谷資料館（巨大地下空間）　,9,宇都宮市大谷町909,,,,http://www.oya909.co.jp/
木の葉化石園　,9,那須塩原市中塩原472,,,,http://www.konohaisi.jp/
那須クラシックカー博物館 　,9,那須郡那須町高久甲5705,,,,http://www.nccm.co.jp/
ホンダ・コレクションホール　,9,芳賀郡茂木町大字桧山120-1,,,,http://www.honda.co.jp/collection-hall/index.html
珍宝館,10,北群馬郡吉岡町上野田3366,,,,
伊香保 女神館,10,北群馬郡吉岡町1256-72,,,,
大理石村ロックハート城,10,吾妻郡高山村5583-1,,,,
三日月村,10,新田郡藪塚本町三日月村,,,,
ジャパンスネークセンター,10,太田市藪塚町3318,,,,
プラムの国,10,利根郡みなかみ町新巻池の原,,,,
浅間火山博物館　,10,吾妻郡長野原町北軽井沢,,,,http://www.asamaen.tsumagoi.gunma.jp/
大間々博物館コノドント館　,10,みどり市大間々町大間々1030,,,,http://www.city.midori.gunma.jp/conodont/
おもちゃと人形 自動車博物館　,10,北群馬郡吉岡町上野田2145,,,,http://www.ikaho-omocha.jp/
三国路与謝野晶子紀行文学館 　,10,利根郡新治村猿ヶ京1175,,,,http://www.sarugakyo.net/bungaku/
群馬県立土屋文明記念文学館　,10,群馬郡群馬町保渡田2000,,,,http://www.bungaku.pref.gunma.jp/
群馬県立日本絹の里　,10,群馬郡群馬町大字金古888-1,,,,http://www.nippon-kinunosato.or.jp/
高崎市水道記念館 　,10,高崎市若田町309-2,,,,http://www.city.takasaki.gunma.jp/soshiki/s-jousui/kinenkan/kinenkan.htm
向井千秋記念子ども科学館　,10,館林市城町2番2号,,,,http://www.city.tatebayashi.gunma.jp/kagakukan/
秩父珍石館,11,秩父市上影森764-6,,,,
吉見百穴,11,比企郡 吉見町北吉見,,,,
あけぼの子供の森,11,飯能市大字阿須893-1,,,,
首都圏外郭放水路,11,春日部市上金崎720,,,,
さいたま市宇宙劇場　,11,さいたま市大宮区錦町682番地2,,,,http://www.ucyugekijo.jp/
さいたま川の博物館　,11,大里郡寄居町小園39番地,,,,http://www.river-museum.jp/
鉄道博物館　,11,さいたま市大宮区大成町3-47,,,,http://www.railway-museum.jp/
遠山記念館　,11,比企郡川島町白井沼675,,,,http://www.e-kinenkan.com/
所沢航空発祥記念館　,11,所沢市並木1-13,,,,http://tam-web.jsf.or.jp/
我孫子市 鳥の博物館　,12,我孫子市高野山234-3,,,,http://www.bird-mus.abiko.chiba.jp/
稲毛民間航空記念館　,12,千葉市美浜区高浜7-2-2,,,,http://www.cga.or.jp/004012/
伊能忠敬記念館　,12,香取市佐原イ1722-1,,,,http://www.city.katori.lg.jp/museum/
海の博物館　,12,勝浦市吉尾123,,,,http://www.chiba-muse.or.jp/UMIHAKU/index.htm
大原幽学保存館 　,12,旭市長部345-2,,,,http://www.city.asahi.chiba.jp/yugaku/
新松戸郷土資料館　,12,松戸市新松戸3-27,,,,http://www.smks.or.jp/
千葉県立房総のむら　,12,印旛郡栄町竜角寺1028,,,,http://www.chiba-muse.or.jp/MURA/
あらかわ遊園,13,荒川区西尾久6-35-11,,,都電荒川線『荒川遊園地前』下車徒歩3分,http://www.city.arakawa.tokyo.jp/yuuen/
日本科学未来館,13,江東区青海2-41,,,,
東京税関 情報ひろば,13,江東区青海2-56 東京港湾合同庁舎2階,,,,
花やしき,13,台東区浅草2-28-1,,,,
テプコ浅草館,13,台東区西浅草2-27-7,,,,
お鍋の博物館,13,台東区西浅草2-21-4,,,,
パチンコ博物館,13,台東区東上野3-13-2 株式会社山下商会東京本社ビル３Ｆ,,,,
日本サッカーミュージアム,13,文京区本郷3-10-15FAハウス,,,,
明治大学博物館,13,千代田区神田駿河台1-1 アカデミーコモン地下一階,,,,
警察博物館,13,中央区京橋3丁目5番1,,,,
法乗院-深川閻魔堂,13,江東区深川２丁目１６番３号,,,,
深川江戸資料館,13,江東区白河1-3-28,,,,
東京タワーの蝋人形館と感どうする経済館,13,港区芝公園4-2-8,,,,
上神明天祖神社,13,品川区二葉4-4-12,,,,
目黒雅叙園,13,目黒区下目黒1-8-1,,,,
お札と切手の博物館,13,新宿区市谷本村町9-5,,,,
三鷹の森ジブリ美術館,13,三鷹市下連雀1丁目1-83(都立井の頭恩賜公園西園内),,,,
京王れーるランド,13,日野市程久保３丁目,,,,
江戸東京たてもの園,13,小金井市桜町3-7-1,,,,
鬼太郎茶屋,13,東京都調布市深大寺元町5-12-8,,,,
町田リス園,13,東京都町田市金井町733-1,,,,
薬用植物園,13,小平市中島町21-1,,,,
ふれあい下水道館,13,小平市上水本町1-25-31,,,,
昭和レトロ商品博物館,13,青梅市住江町6,,,,
ー青梅赤塚不二夫会館,13,青梅市住江町65,,,,
昭和幻燈館,13,,,,,
東武博物館,13,,,,,
向島百花園,13,,,,,
印刷博物館　,13,文京区水道1-3-3,,,,http://www.printing-museum.org/
ＮＨＫ放送博物館　,13,港区愛宕2-1-1,,,,http://www.nhk.or.jp/museum/
恵比寿麦酒記念館　,13,渋谷区恵比寿4-20-1,,,,http://www.sapporobeer.jp/brewery/y_museum/
江戸東京博物館 　,13,墨田区横網1-4-1,,,,http://www.edo-tokyo-museum.or.jp/
江戸東京たてもの園　,13,小金井市桜町3-7-1,,,,http://tatemonoen.jp/
オルゴールの小さな博物館　,13,文京区目白台3-25-14,,,,http://www.musemuse.jp/
葛飾区郷土と天文の博物館　,13,葛飾区白鳥3-25-1,,,,http://www.city.katsushika.tokyo.jp/museum/
東京ガス　ガスの科学館　,13,江東区豊洲6-3-16,,,,http://www.gas-kagakukan.com/
GAS MUSEUM　がす資料館　,13,小平市大沼町2-590,,,,http://www.gasmuseum.jp/
紙の博物館　,13,北区王子1-1-3　飛鳥山公園内,,,,http://www.papermuseum.jp/
北区飛鳥山博物館　,13,北区王子1-1-3　飛鳥山公園内,,,,http://www.city.kita.tokyo.jp/misc/history/museum/
切手の博物館　,13,豊島区目白1-4-23,,,,http://yushu.or.jp/museum/
郷土の森博物館　,13,中市南町6-32,,,,http://www.fuchu-cpf.or.jp/museum/index.html
警察博物館　,13,中央区京橋3-5-1,,,,http://www.keishicho.metro.tokyo.jp/kouhoushi/no3/welcome/welcome.htm
古賀政男音楽博物館　,13,渋谷区上原3-6-12,,,,http://www.koga.or.jp/
古代オリエント博物館　,13,豊島区東池袋3-1-4,,,,http://www.sa.il24.net/~aom/
JRA競馬博物館 　,13,中市日吉町1-1　JRA,,,,http://www.bajibunka.jrao.ne.jp/K/K01.html
下町風俗資料館　,13,台東区上野公園2番1号,,,,http://www.taitocity.net/taito/shitamachi/
東京消防庁　消防博物館　,13,新宿区四谷3丁目10番,,,,http://www.tfd.metro.tokyo.jp/ts/museum.html
昭和館　,13,千代田区九段南1-6-1,,,,http://www.showakan.go.jp/
新宿歴史博物館　,13,新宿区三栄町22番地,,,,http://www.regasu-shinjuku.or.jp/46.html
杉並アニメーションミュージアム,13,杉並区上荻3-29-5,,,,http://www.sam.or.jp/
すみだ郷土文化資料館　,13,墨田区向島2-3-5,,,,http://www.city.sumida.lg.jp/sisetu_info/siryou/kyoudobunka/
相撲博物館　,13,墨田区横網1-3-28（国技館1階）,,,,http://www.sumo.or.jp/museum/index.html
多摩六都科学館　,13,西東京市芝久保町5-10-64,,,,http://www.tamarokuto.or.jp/
立原道造記念館　,13,文京区弥生2-4-5,,,,http://www.tachihara.jp/
たばこと塩の博物館　,13,渋谷区神南1-16-8,,,,http://www.jti.co.jp/Culture/museum/WelcomeJ.html
地下鉄博物館　,13,江戸川区東葛西6-3-1,,,,http://www.chikahaku.jp/
調布市武者小路実篤記念館　,13,調布市若葉町1-8-30,,,,http://www.mushakoji.org/
TEPCO銀座館　,13,中央区銀座6-11-1,,,,http://www.tepco-ginzakan.com/
電力館　,13,渋谷区神南1-12-10,,,,http://www5.mediagalaxy.co.jp/Denryokukan/
東武博物館　,13,墨田区東向島4-28-16,,,,http://www.tobu.co.jp/museum/
東京国立博物館　,13,台東区上野公園13-9,,,,http://www.tnm.go.jp/
東京都水道歴史館 　,13,文京区本郷2-7-1,,,,http://www.waterworks.metro.tokyo.jp/pp/rekisi/index.html
東京都埋蔵文化財センター　,13,多摩市落合1-14-2,,,,http://www.tef.or.jp/maibun/index.html
東京都水の科学館　,13,江東区有明２-４-１,,,,http://www.waterworks.metro.tokyo.jp/pp/kagakukan/kagaku.htm
虹の下水道館　,13,江東区有明２－３－５,,,,http://www.nijinogesuidoukan.jp/
日本科学未来館　,13,江東区青海2-41,,,,http://www.miraikan.jst.go.jp/
日本博物館協会　,13,千代田区霞が関3-3-1尚友会館,,,,http://www.j-muse.or.jp/
日本民藝館 　,13,目黒区駒場4-3-33,,,,http://www.mingeikan.or.jp/
畠山記念館　,13,港区白金台2-20-12,,,,http://www.ebara.co.jp/socialactivity/hatakeyama/
パルテノン多摩 　,13,多摩市落合2-35,,,,http://www.parthenon.or.jp/
日野オートプラザ　,13,八王子市みなみ野5-28-5,,,,http://www.hino.co.jp/j/brand/autoplaza/
土方歳三資料館　,13,日野市石田2-1-3,,,,http://hijikata-toshizo.jp/
物流博物館　,13,港区高輪4-7-15,,,,http://www.lmuse.or.jp/
船の科学館 　,13,品川区東八潮3番1号,,,,http://www.funenokagakukan.or.jp/
東村山ふるさと歴史館　,13,東村山市諏訪町1-6-3,,,,http://www.city.higashimurayama.tokyo.jp/~kakukaweb/052000/index.htm
ミステリー文学資料館　,13,豊島区池袋3-1-2　光文社ビル,,,,http://www.mys-bun.or.jp/
野球体育博物館　,13,文京区後楽1-3-61,,,,http://www.baseball-museum.or.jp/
靖国神社 就遊館　,13,千代田区九段北3-1-1,,,,http://www.yasukuni.or.jp/
田谷の洞窟,14,横浜市栄区田谷町1501,,,,
かまぼこ博物館,14,小田原市風祭245,,,,
若宮八幡宮,14,川崎市川崎区大師駅前2-3-16,,,,
あーすぷらざ,14,横浜市栄区小菅ケ谷1-2-1,,,,http://www.k-i-a.or.jp/plaza/
馬の博物館　,14,横浜市中区根岸台1-3,,,,http://www.bajibunka.jrao.ne.jp/U/U01.html
大佛次郎記念館　,14,横浜市中区山手町113,,,,http://www.yaf.or.jp/facilities/osaragi/
海外移住資料館　,14,横浜市中区新港2-3-1,,,,http://www.jomm.jp/
鎌倉文学館　,14,鎌倉市長谷1-5-3,,,,http://www.kamakurabungaku.com/
神奈川近代文学館　,14,横浜市中区山手町110,,,,http://www.kanabun.or.jp/
神奈川県立　21世紀の森　,14,南足柄市内山2870-5,,,,http://k-mask.jp/21/
神奈川県立 生命の星・地球博物館,14,小田原市入生田499,,,,http://nh.kanagawa-museum.jp/
鎌倉市川喜多映画記念館　,14,鎌倉市雪ノ下2-2-12,,,,http://www.kamakura-kawakita.org/
川崎市立日本民家園　,14,川崎市多摩区枡形7-1-1,,,,http://www.city.kawasaki.jp/88/88minka/home/minka.htm
観音崎自然博物館　,14,横須賀市鴨居4-1120,,,,http://kannonzaki-nature-museum.org/
記念艦三笠　,14,横須賀市稲岡町82-19,,,,http://www.kinenkan-mikasa.or.jp/
砂子の里資料館　,14,川崎市川崎区砂子1-4-10,,,,http://www.saito-fumio.gr.jp/
相模原市立 相模川ふれあい科学館,14,相模原市水郷田名1-5-1,,,,http://www.sagamigawa-fureai.jp/
シルク博物館　,14,横浜市中区山下町１,,,,http://www.silkmuseum.or.jp/main/
逗子市郷土資料館　,14,逗子市桜山8-2275,,,,http://www.city.zushi.kanagawa.jp/syokan/syakyou/new bunkazai/kyodo-muse/kyodo-muse.htm
電気の史料館　,14,横浜市鶴見区江ヶ崎町4-1,,,,http://www.tepco.co.jp/shiryokan/index-j.html
電車とバスの博物館　,14,川崎市宮前区宮崎2-10-12,,,,http://www.tokyu.co.jp/railway/railway/west/link/museum.html
徳富蘇峰記念館　,14,中郡二宮町二宮605,,,,http://www2.ocn.ne.jp/~tsoho/
東芝科学館 　,14,川崎市幸区小向東芝町1番地,,,,http://kagakukan.toshiba.co.jp/
日本新聞博物館,14,横浜市中区日本大通11,,,,http://www.pressnet.or.jp/newspark/
日本郵船歴史博物館　,14,横浜市中区海岸通3-9,,,,http://www.nyk.com/rekishi/
馬の博物館　,14,横浜市中区根岸台1-3,,,,http://www.bajibunka.jrao.ne.jp/U/U01.html
箱根駅伝ミュージアム　,14,足柄下郡箱根町箱根167,,,,http://www.hakoneekidenmuseum.jp/
箱根町立森のふれあい館　,14,足柄下郡箱根町箱根381-4,,,,http://www.hakone.or.jp/morifure/index.htm
発見工房クリエイト　,14,川崎市麻生区黒川278,,,,http://www.infopia.net/create/
葉山しおさい博物館　,14,三浦郡葉山町一色2123-1,,,,http://www.town.hayama.lg.jp/4/siosai2.html
ブリキのおもちゃ博物館　,14,横浜市中区山手町239,,,,http://www.toysclub.co.jp/muse/tintoy.html
放送ライブラリー　,14,横浜市中区日本大通11,,,,http://www.bpcj.or.jp/
三菱みなとみらい技術館 　,14,横浜市西区みなとみらい3-3-1,,,,http://www.mhi.co.jp/museum/
大和市つる舞の里歴史資料館　,14,大和市つきみ野7-3-2,,,,http://www.city.yamato.lg.jp/web/shakai/turumai.html
山口蓬春記念館　,14,三浦郡葉山町一色2320,,,,http://www.jrtf.com/hoshun/
はまぎんこども宇宙科学館,14,横浜市磯子区洋光台5-2-1,,,,http://www.sciencemuseum.jp/yokohama/
横浜開港資料館　,14,横浜市中区日本大通３,,,,http://www.kaikou.city.yokohama.jp/
横浜市電保存館　,14,横浜市磯子区滝頭3-1-53,,,,http://www.kyouryokukai.or.jp/ciden/
横浜市歴史博物館　,14,横浜市都筑区中川中央1-18-1,,,,http://www.rekihaku.city.yokohama.jp/
横浜水道記念館　,14,横浜市保土ヶ谷区川島町522,,,,http://www.city.yokohama.lg.jp/suidou/kyoku/torikumi/suidou-pr/kinenkan/
横浜都市発展記念館　,14,横浜市中区日本大通12,,,,http://www.tohatsu.city.yokohama.jp/
横浜人形の家　,14,横浜市中区山下町18,,,,http://www.museum.or.jp/yokohama-doll-museum/
横浜みなと博物館　,14,横浜市西区みなとみらい2-1-1,,,,http://www.nippon-maru.or.jp/
横浜ユーラシア文化館　,14,横浜市中区日本大通12,,,,http://www.eurasia.city.yokohama.jp/
ワンダーシップ 環境エネルギー館　,14,横浜市鶴見区末広町1-7-7,,,,http://www.wondership.com/
イヨボヤ会館　,15,村上市塩町13-34,,,,http://www.iwafune.ne.jp/~iyoboya/
フォッサマグナミュージアム　,15,糸魚川市美山公園,,,,http://www.city.itoigawa.niigata.jp/fmm/
三条市歴史民俗産業資料館　,15,三条市本町3-1-4,,,,http://www.city.sanjo.niigata.jp/rekimin/
上越清里　星のふるさと館　,15,上越市清里区青柳3436-2,,,,http://www.tenmon.jorne.ed.jp/
トキ資料展示館　,15,佐渡市新穂長畝383番地2,,,,http://www4.ocn.ne.jp/~ibis/tokimori.htm
新潟県政記念館　,15,新潟市一番堀通3-3,,,,http://www.pref.niigata.jp/kyoiku/bunkagyosei/bungyo/kensei/
日本スキー発祥記念館　,15,上越市大貫1453-1,,,,http://www.city.joetsu.niigata.jp/sisetu/ski/
吉田東伍記念博物館　,15,阿賀野市保田1725-1,,,,http://www.city.agano.niigata.jp/togo_museum/index.html
良寛記念館　,15,三島郡出雲崎町米田１番地,,,,http://www8.ocn.ne.jp/~ryokan/
おおさわの石仏の森,16,上新川郡大沢野町牛ヶ増家高割1092,,,,
射水市新湊博物館　,16,射水市鏡宮299,,,,http://www.city.imizu.toyama.jp/museum/
射水市大島絵本館　,16,射水市鳥取50,,,,http://www.ehonkan.or.jp/
魚津埋没林博物館　,16,魚津市釈迦堂814,,,,http://www.city.uozu.toyama.jp/nekkolnd/
黒部川電気記念館　,16,下新川郡宇奈月町483-1,,,,http://www.kepco.co.jp/pr/kurobe/index.htm
桂樹社　和紙文庫　,16,富山市八尾町鏡町668-4,,,,http://www.keijusha.com/
自然博物園「ねいの里」　,16,婦負郡婦中町吉住1-1,,,,http://www.toyamap.or.jp/shizen/
高岡市万葉歴史館　,16,高岡市伏木一宮1-11-11,,,,http://www.manreki.com/
とやま健康パーク 生命科学館　,16,富山市友杉151番地,,,,http://www.toyama-pref-ihc.or.jp/
北陸電力エネルギー科学館,16,富山市牛島町18-7,,,,http://www.rikuden.co.jp/wonder/index.html
ほたるいかミュージアム　,16,滑川市中川原410,,,,http://www.hotaruikamuseum.com/
ミュゼふくおかカメラ館　,16,高岡市福岡町福岡新559番地,,,,http://www.camerakan.com/
ハニベ岩窟院,17,小松市立明寺町イ１番地,,,,
石川県白山自然保護センター　,17,白山市木滑ヌ４,,,,http://www.pref.ishikawa.jp/hakusan/index.htm
石川県ふれあい昆虫館　,17,白山市八幡町戌3,,,,http://www.pref.ishikawa.jp/fureai/
石川県伝統産業工芸館　,17,金沢市兼六町１番１号（兼六園内）,,,,http://shofu.pref.ishikawa.jp/densankan/
金沢市立安江金箔工芸館　,17,金沢市北安江1-5-10,,,,http://www.city.kanazawa.ishikawa.jp/bunho/kinpaku/
コスモアイル羽咋　,17,羽咋市鶴多町免田25番地,,,,http://www.city.hakui.ishikawa.jp/ufo/index.html
珠洲市立珠洲焼資料館　,17,珠洲市蛸島町1-2-563,,,,http://www.city.suzu.ishikawa.jp/suzuyaki/
中谷宇吉郎　雪の科学館　,17,加賀市潮津町イ106番地,,,,http://www.city.kaga.ishikawa.jp/yuki/
日本折紙博物館　,17,加賀市加茂町ハ90番地1,,,,http://www.origami-hakubutsukan.ne.jp/
日本自動車博物館　,17,小松市二ツ梨町一貫山40番地,,,,http://www.mmjp.or.jp/motorcar-museum-of-japan/
のと海洋ふれあいセンター　,17,鳳珠郡能登町字越坂3-47,,,,http://www.pref.ishikawa.jp/nmc/index.html
若狭三方縄文博物館,18,三方上中郡若狭町鳥浜122-12-1,,,,
松本零次モニュメント像,18,敦賀市神楽町2丁目1番4号,,,,
福井県立恐竜博物館,18,勝山市村岡町寺尾51-11,,,,
越前がにミュージアム　,18,丹生郡越前町厨71-335-1,,,,http://www.echizen-kk.jp/kani.htm
エルどらんど　,18,大飯郡高浜町青戸4-1,,,,http://www.kepco.co.jp/pr/eldoland/
福井県立恐竜博物館　,18,勝山市村岡町寺尾51-11,,,,http://www.dinosaur.pref.fukui.jp/
福井市立郷土歴史博物館　,18,福井市宝永3丁目12-1,,,,http://www.history.museum.city.fukui.fukui.jp/
大石紬伝統工芸館 　,19,南都留郡河口湖町大石267,,,,http://www.kawaguchiko.ne.jp/~tumugikan/
甲斐黄金村・湯之奥金山博物館　,19,南巨摩郡身延町上之平1787番地先,,,,http://www.town.minobu.lg.jp/kinzan/
河口湖自然生活館　,19,南都留郡富士河口湖町大石2585,,,,http://www.fujisan.ne.jp/berrykan/
河口湖 北原ミュージアム　,19,南都留郡富士河口湖町小立1204-2,,,,http://www.kitahara-museum.jp/
釈迦堂遺跡博物館　,19,笛吹市一宮町千米寺764,,,,http://www.eps4.comlink.ne.jp/~shakado/
北杜市オオムラサキセンター 　,19,北杜市長坂町富岡2812,,,,http://oomurasaki.net/
富士吉田市歴史民俗博物館 　,19,富士吉田市上吉田2288-1,,,,http://www.fy-museum.jp/forms/top/top.aspx
三島由紀夫文学館　,19,南都留郡山中湖村平野506-296,,,,http://www.mishimayukio.jp/
萌木の村博物館 「ホール・オブ・ホームズ」　,19,北杜市高根町清里3545,,,,http://www.moeginomura.co.jp/hall.html
山梨宝石博物館　,19,南都留郡富士河口湖町船津6713,,,,http://www.gemmuseum.jp/
大鹿村中央構造線博物館 　,20,下伊那郡大鹿村大河原988,,,,http://www.osk.janis.or.jp/~mtl-muse/
大町山岳博物館 　,20,大町市大町8056-1,,,,http://www.city.omachi.nagano.jp/sanpaku/index.htm
信州新町化石博物館　,20,上水内郡信州新町上条,,,,http://www.ne.jp/asahi/shinmachi/museum/
諏訪湖オルゴール博物館・奏鳴館 　,20,諏訪郡下諏訪町,,,,http://www.someikan.com/
諏訪湖時の科学館「儀象堂」　,20,諏訪郡下諏訪町3289番地,,,,http://www.gishodo.jp/
茅野市尖石縄文考古館　,20,茅野市豊平4734-132,,,,http://www.togariishi.city.chino.nagano.jp/
野尻湖ナウマンゾウ博物館　,20,上水内郡信濃町野尻287-5,,,,http://www.avis.ne.jp/~nojiriko/
南牧村農村文化情報交流館　,20,南佐久郡南牧村大字野辺山412-1,,,,http://www.avis.ne.jp/~with/
関ヶ原ウォーランド,21,岐阜県不破郡関ケ原町関ケ原1701-6,,,,
胡麻の郷,21,不破郡関ヶ原町玉,,,,
養老天命反転地,21,養老郡養老町高林1298-2,,,,
古今珍品情報流通センター,21,養老郡養老町船付大割田1503,,,,
太陽電池科学館,21,安八郡安八町大森180番地,,,,
世界のナイフ資料館,21,関市稲口町674,,,,
フェザーミュージアム,21,関市日ノ出町1-17,,,,
日本昭和村,21,美濃加茂市山之上町2292番地1,,,,
こびの天狗山・荒薙教,21,美濃加茂市森山町3-5-57 ,,,,
地球回廊　,21,瑞浪市明世町戸狩67-1,,,,
サイエンスワールド,21,瑞浪市明世町戸狩54　岐阜県先端科学技術体験センター,,,,
化石博物館,21,瑞浪市明世町山野内1-13,,,,
恵那象園,21,恵那市長島町久須見866-1,,,,
石の博物館,21,中津川市蛭川5263-7,,,,
つちのこ館,21,加茂郡東白川村神土426-1 ,,,,
ふるさとの杜,21,下呂市森2369 下呂温泉合掌村内,,,,
日本まん真ん中センター,21,郡上市美並町白山,,,,
心の森ミュージアム遊童館,21,郡上郡八幡町稲荷町,,,,
日本土鈴館,21,郡上市白鳥町大島1555,,,,
牧歌の里・木ぼっくりミュージアム,21,郡上市高鷲町鷲見2756-2,,,,
奥飛騨クマ牧場,21,高山市奥飛騨温泉郷一重ヶ根2535-309,,,,
飛騨高山まつりの森,21,高山市千島町1111,,,,
飛騨高山テディベアエコビレッジ,21,高山市西之一色町3-829-4,,,,
飛騨開運乃森,21,高山市西之一色町3-2021,,,,
福来博士記念博物館,21,高山市堀端町8,,,,
からくり獅子会館,21,高山市桜町53-1,,,,
飛騨高山・光記念館,21,高山市中山町175,,,,
石の博物館～博石館 　,21,中津川市蛭川5263-7,,,,http://www.hakusekikan.co.jp/
かかみがはら航空宇宙科学博物館　,21,各務原市下切町5丁目1番地,,,,http://www.city.kakamigahara.gifu.jp/museum/
古今伝授の里フィールドミュージアム　,21,郡上市大和町牧912-1,,,,http://www.gujo-tv.ne.jp/~kokin/
高山昭和館,21,高山市下一之町6番地,,,,http://shouwakan.hida.vc/
内藤記念くすり博物館　,21,各務原市川島竹早町1,,,,http://www.eisai.co.jp/museum/information/index.html
日本土鈴館　,21,郡上市白鳥町大島1555,,,,http://www.nihondorei.com/
瑞浪市化石博物館　,21,瑞浪市明世町山野内1-13,,,,http://www.city.mizunami.gifu.jp/sightseeing/mizunami/cultural_property/institution/fossil_museum.html
熱海秘宝館,22,熱海市和田浜南町8-15,,,,
伊豆極楽苑,22,伊豆市下船原370-1,,,,
怪しい少年少女博物館,22,伊東市字街道下1029－64,,,,
蝋人形美術館,22,伊東市池674-1,,,,
熱川バナナワニ園　,22,賀茂郡東伊豆町熱川温泉,,,,http://www4.i-younet.ne.jp/~wanien/
伊豆アンモナイト博物館　,22,伊東市大室高原10-303,,,,http://www.ammonite-museum.com/
井上靖文学館　,22,駿東郡長泉町クレマチスの丘（スルガ平）515-57,,,,http://www.clematis-no-oka.co.jp/011_yasushi/011_prof.html
磐田市香りの博物館　,22,磐田市立野2019-15,,,,http://www.iwata-kaori.jp/
奇石博物館　,22,富士宮市山宮3670番地,,,,http://www.kiseki-jp.com/index.html
沼津市若山牧水記念館　,22,沼津市千本郷林1907-11,,,,http://web.thn.jp/bokusui/
浜松市楽器博物館　,22,浜松市中区中央3-9-1,,,,http://www.gakkihaku.jp/
浜松市立賀茂真淵記念館　,22,浜松市中区東伊場1-22-2,,,,http://www.city.hamamatsu.shizuoka.jp/lifeindex/enjoy/culture_art/mabuchi/index.htm
フェルケール博物館　,22,静岡市清水区港町2-8-11,,,,http://www.suzuyo.co.jp/suzuyo/verkehr/
富士竹類植物園　,22,駿東郡長泉町南一色885,,,,http://fujibamboogarden.com/
野間大坊,23,知多郡美浜町大字野間字東畠ヶ50番地,,,名古屋鉄道知多新線野間駅から徒歩8分,
貝がら公園（白山神社）,23,知多郡南知多町豊浜字半月140-1,,,,
桃太郎神社,23,犬山市大字栗栖字古屋敷,,,,
リトルワールド,23,犬山市今井成沢90-48,,,,
博物館明治村,23,犬山市内山1番地,,,,
お菓子の城,23,犬山市字新川1-11,,,,
リサイクルショップキンブル,23,名古屋市西区新道1-4-3,,,,
歯の博物館,23,名古屋市中区丸の内3-5-18,,,,
南極観測船ふじ,23,名古屋市港区港町1-9,,,,
トヨタ博物館,23,愛知郡長久手町大字長湫字横道,,,,
招き猫ミュージアム,23,瀬戸市薬師町2番地 ,,,,
五色園,23,日進市岩藤町932,,,,
さなげアドベンチャーフィールド,23,豊田市伊保町向山16-1,,,,
紫峰人形美術館,23,高浜市屋敷町1-5-14,,,,
蒲郡ファンタジー館,23,蒲郡市竹島町28-14,,,,
愛知県陶磁資料館,23,瀬戸市南山口町234番地,,,,http://www.pref.aichi.jp/touji/
荒木集成館,23,名古屋市天白区中平5-616,,,,http://www.arakishuseikan.ecweb.jp/
生命の海科学館,23,蒲郡市港町17番17号,,,,http://www.nrc.gamagori.aichi.jp/
一宮市尾西歴史民族資料館,23,一宮市起字下町211,,,,http://www.city.ichinomiya.aichi.jp/division/rekimin/
犬山城白帝文庫 歴史文化館 ,23,犬山市大字犬山字北古券8,,,,http://www.inuyamajohb.org/index.html
世界のタイル博物館　,23,常滑市奥栄町1-130,,,,http://www.inax.co.jp/museum/index.html
瀬戸蔵,23,瀬戸市蔵所町1番地の1,,,,http://www.city.seto.aichi.jp/sosiki/setogura/index.html
でんきの科学館 　,23,名古屋市中区栄2-2-5,,,,http://www.chuden.co.jp/e-museum/
トヨタ博物館　,23,,,,,http://www.toyota.co.jp/Museum/index-j.html
豊橋市自然史博物館,23,豊橋市大岩町字大穴1-238,,,,http://www.toyohaku.gr.jp/sizensi/
豊橋市地下資源館,23,豊橋市大岩町字火打坂19-16,,,,http://www.toyohaku.gr.jp/chika/
豊橋市二川宿本陣資料館,23,豊橋市二川町字中町65番地,,,,http://www.toyohaku.gr.jp/honjin/
名古屋市蓬左文庫　,23,名古屋市東区徳川町1001番地,,,,http://housa.city.nagoya.jp/
名古屋海洋博物館,23,名古屋市港区港町1-9,,,,http://www.nagoyaaqua.jp/
名古屋能楽堂,23,名古屋市中区三の丸1-1-1,,,,http://www.nagoyajo.naka.nagoya.jp/
新美南吉記念館,23,半田市岩滑西町1-10-1,,,,http://www.nankichi.gr.jp/
日本独楽博物館,23,名古屋市港区中之島通4-7-2,,,,http://www.wa.commufa.jp/~koma/
半田空の科学館 ,23,半田市桐ヶ丘4-210,,,,http://www.city.handa.aichi.jp/shougai/kagaku/
碧南市青少年海の科学館,23,碧南市浜町2-3,,,,http://www.city.hekinan.aichi.jp/aquarium/
鳳来寺山自然科学博物館 　,23,新城市門谷字森脇６,,,,http://homepage3.nifty.com/hourai99/
博物館　明治村　,23,犬山市内山1,,,,http://www.meijimura.com/
マンドリンの音の博物館　,23,名古屋市昭和区川名本町6-38,,,,http://www5d.biglobe.ne.jp/~mandolin/
三菱東京ＵＦＪ銀行 貨幣資料館,23,名古屋市中区錦2-20-25,,,,http://www.bk.mufg.jp/minasama/kakawari/gallery/index.html
三河武士のやかた家康館　,23,岡崎市康生町５６１番地,,,,http://www.city.okazaki.aichi.jp/museum/ka161.htm
ルーブル彫刻美術館,24,津市白山町佐田,,,,
飯高洞窟美術館,24,松坂市飯高町森2271,,,,
伊賀流忍者博物館,24,伊賀市上野丸之内117-13-1,,,,http://www.iganinja.jp/
斎宮歴史博物館　,24,多気郡明和町竹川503,,,,http://www.pref.mie.jp/SAIKU/HP/
神宮の博物館　徴古館　,24,伊勢市神田久志本町1754-1,,,,http://www4.ocn.ne.jp/~jingu-mu/
三重県立みえこどもの城 　,24,松阪市立野町1291,,,,http://www.mie-cc.or.jp/
本居宣長記念館　,24,松阪市殿町1536-7,,,,http://www.norinagakinenkan.com/
関ヶ原ウォーランド,25,不破郡関ケ原町関ケ原1701-6,,,,
胡麻の郷,25,不破郡関ヶ原町玉　1565-10,,,,
海洋堂フィギュアミュージアム黒壁 ,25,長浜市元浜町13-31,,,,
佐和山遊園,25,彦根市古沢町,,,,
河内の風穴,25,犬上郡 多賀町河内,,,,
西堀榮三郎記念探検の殿堂,25,東近江市横溝町419,,,,
八日市大凧会館,25,東近江市八日市東本町3-5,,,,
甲賀の里忍術村,25,甲賀郡甲賀町隠岐394,,,,
忍者屋敷,25,甲賀市甲南町竜法師2331番,,,,
琵琶湖博物館,25,草津市下物町1091,,,,
南郷水産センター,25,大津市黒津4-4-1,,,,
ガリバー青少年旅行村,25,滋賀県高島市鹿ケ瀬987-1,,,,
愛荘町歴史文化博物館　,25,愛知郡愛荘町松尾寺878番地,,,,http://www.town.aisho.shiga.jp/rekibun/index.htm
安土城天主信長の館 　,25,蒲生郡安土町桑実寺800番地,,,,http://www.hottv.ne.jp/~bungei/nobu/
近江日野商人館　,25,蒲生郡日野町大窪1011,,,,http://www.town.hino.shiga.jp/hino-s/index.html
海洋堂フィギュアミュージアム黒壁 龍遊館 　,25,長浜市元浜町13-31,,,,http://www.ryuyukan.net/
観音の里歴史民俗資料館 　,25,伊香郡高月町渡岸寺229番地,,,,http://www.biwa.ne.jp/~kannon-m/
かわらミュージアム　,25,近江八幡市多賀町738-2,,,,http://www.80000.jp/kawaramuseum/
国友鉄砲の里資料館　,25,長浜市国友町534番地,,,,http://www.home-nagahama.org/tepponosato/
滋賀県立安土城考古博物館　,25,蒲生郡安土町下豊浦6678,,,,http://www.azuchi-museum.or.jp/
滋賀県立陶芸の森　,25,甲賀市信楽町勅旨2188-7,,,,http://www.sccp.or.jp/
滋賀県立水環境科学館　,25,草津市矢橋町字帰帆2108番地,,,,http://mizukan.jp/
世界凧博物館・八日市大凧会館　,25,東近江市八日市東本町3-5,,,,http://www.city.higashiomi.shiga.jp/subpage.php?p=5386&t=1136957204
長浜城歴史博物館　,25,長浜市公園町10-10,,,,http://www.city.nagahama.shiga.jp/section/rekihaku/
彦根城博物館　,25,彦根市金亀町一番一号,,,,http://longlife.city.hikone.shiga.jp/museum/
琵琶湖研究所　,25,大津市柳が崎5-34,,,,http://www.lberi.jp/root/jp/bkjhindex.htm
守山市ほたるの森資料館 　,25,守山市三宅町10番地（市民運動公園内）,,,,http://www.jungle.or.jp/hotaru/
水のめぐみ館「アクア琵琶」　,25,大津市黒津四丁目2番2号,,,,http://www.aquabiwa.jp/
栗東歴史民俗博物館　,25,栗東市小野223-8,,,,http://www2.city.ritto.shiga.jp/hakubutsukan/
ブリキのおもちゃ博物館,26,下京区四条堀川東入ルアンティックママ２Ｆ,,,,
プロレス美術館,26,左京区高野清水町55,,,,
きっづ光科学館ふぉとん,26,相楽郡木津町梅美台8丁目1番,,,,
日本の鬼の交流博物館,26,加佐郡大江町字仏性寺909,,,,
与謝野町ひまわり園,26,与謝郡野田川町字四辻161,,,,
水の江里浦嶋公園,26,与謝郡伊根町本庄浜111-1,,,,
わたしの仕事館,26,相楽郡精華町精華台7丁目5-1 ,,,,
梅小路蒸気機関車館　,26,京都市下京区観喜寺町,,,,http://www.mtm.or.jp/uslm/index.html
エル・マール　まいづる　,26,舞鶴市千歳（舞鶴親海公園内）,,,,http://www.kepco.co.jp/pr/elmar/
きっづ光科学館ふぉとん　,26,相楽郡木津町梅美台8-1,,,,http://www.k-photon.com/
京都国際マンガミュージアム　,26,京都市中京区烏丸通御池上ル,,,,http://www.kyotomm.com/
京都伝統産業ふれあい館　,26,京都市左京区岡崎成勝寺町9-1,,,,http://www.miyakomesse.jp/fureaika/
グンゼ博物苑　,26,綾部市青野町膳所１,,,,http://www.gunze.co.jp/gunzehakubutu/
京都嵐山オルゴール館　,26,京都市右京区嵯峨天竜寺立石町1-38,,,,http://www.orgel-hall.com/
島津創業記念資料館-科学の森-　,26,京都市中京区木屋町二条南,,,,http://www.shimadzu.co.jp/forest/jindex.html
高津古文化会館 　　,26,京都市上京区今出川天神筋下ル大上之町61,,,,http://www1.odn.ne.jp/kozu-kobunka/
西陣織会館　,26,京都市上京区堀川今出川南入ル,,,,http://www.nishijin.or.jp/kaikan/
平等院ミュージアム鳳翔館　,26,宇治市宇治蓮華116,,,,http://www.byodoin.or.jp/va/kan.html
風俗博物館　,26,京都市下京区新花屋町通堀川東入る　（井筒南店ビル５階）,,,,http://www.iz2.or.jp/
松下資料館　,26,相楽郡木津町相楽台3丁目1-1,,,,http://matsushita-library.jp/
柳原銀行記念資料館　,26,京都市下京区下之町6-3　崇仁コミュニティセンター内,,,,http://web.kyoto-inet.or.jp/org/yanagin/
霊山歴史館　,26,京都市東山区清閑寺霊山町1,,,,http://www.ryozen-museum.or.jp/
インスタントラーメン発明記念館,27,池田市満寿美町8-25,,,,
時空館,27,住之江区南港北2丁目5番20号,,,,
大阪くらしの今昔館,27,大阪府大阪市北区天神橋6-4-20,,,,
ワッハ上方,27,中央区難波千日前12-7　YES/NAMBAビル,,,,
お笑い博物館 吉本笑店街,27,中央区難波千日前11-6　吉本会館B1F ,,,,
鉄カフェレトロ,27,大阪市天王寺区大道4丁目3番18号 ,,,,
立大型児童館ビッグバン,27,堺市南区茶山台１丁９番１号,,,,
城山オレンヂ園,27,富田林市伏見堂1003,,,,
関西サイクルスポーツセンター,27,河内長野市天野町1304,,,,
池田市立歴史民俗資料館　,27,池田市五月丘1-10-12,,,,http://www.city.ikeda.osaka.jp/sisetu/rekisi/index.html
池田文庫　,27,池田市栄本町12-1,,,,http://www.ikedabunko.or.jp/
インスタントラーメン発明記念館 　,27,池田市満寿美町8-25,,,,http://www.nissin-noodles.com/
茨木市立川端康成文学館 　,27,茨木市上中条2-11-25,,,,http://www.city.ibaraki.osaka.jp/kikou/kawabata/bungakukan.html
江崎記念館　,27,大阪市西淀川区歌島4-6-5,,,,http://www.glico.co.jp/kinenkan/
大阪科学技術館　,27,大阪市西区靱本町1-8-4,,,,http://www.ostec.or.jp/pop/pop1.html
大阪企業家ミュージアム　,27,大阪市中央区本町1-4-5,,,,http://www.kigyoka.jp/museum/index.html
大阪城天守閣　,27,大阪市中央区大阪城１-１,,,,http://www.osakacastle.net/
大阪市立科学館　,27,大阪市北区中之島4-2-1,,,,http://www.sci-museum.jp/
大阪市下水道科学館　,27,大阪市此花区高見1-2-53,,,,http://www.osaka-sewerage-e-a.or.jp/gesuidou-kagakukan/
大阪市立自然史博物館　,27,大阪市東住吉区長居公園1-23,,,,http://www.mus-nh.city.osaka.jp/
大阪人権博物館　,27,大阪市浪速区浪速西3-6-36,,,,http://www.liberty.or.jp/
大阪府営箕面公園昆虫館　,27,箕面市箕面公園1-18,,,,http://www.osaka-park.or.jp/insect/
大阪府立国際児童文学館　,27,吹田市千里万博公園10-6,,,,http://www.iiclo.or.jp/
大阪府立狭山池博物館　,27,大阪狭山市池尻中2丁目,,,,http://www.sayamaikehaku.osakasayama.osaka.jp/
大阪府立弥生文化博物館　,27,和泉市池上町443,,,,http://www.kanku-city.or.jp/yayoi/
大阪歴史博物館　,27,大阪市中央区大手前4-1-32,,,,http://www.mus-his.city.osaka.jp/
大阪府立大型児童館ビッグバン　,27,堺市茶山台1-9-1,,,,http://www.bigbang-osaka.or.jp/
大阪ガス　ガス科学館　,27,高石市高砂3-1,,,,http://www.osakagas.co.jp/gasscience/
貝塚市立自然遊学館　,27,貝塚市二色3丁目26-1,,,,http://www.city.kaizuka.lg.jp/shizen/
きしわだ自然資料館　,27,岸和田市堺町6-5,,,,http://www.city.kishiwada.osaka.jp/sosiki/k-nature/
くすりの道修町資料館　,27,少彦名神社内ビル３･４階,,,,http://www.kusuri-doshomachi.gr.jp/
国立民俗学博物館　,27,吹田市千里万博公園10-1,,,,http://www.minpaku.ac.jp/
交通科学博物館　,27,,,,,http://www.mtm.or.jp/
堺HAMONOミュージアム（堺刃物伝統産業会館）　,27,堺市材木町西1-1-30,,,,http://www.sakaihamono.or.jp/museum01.html
自転車博物館　,27,堺市大仙中町165-6,,,,http://www.h4.dion.ne.jp/~bikemuse/
司馬遼太郎記念館　,27,東大阪市下小阪3-11-18,,,,http://www.shibazaidan.or.jp/
住まいのミュージアム・大阪くらしの今昔館　,27,大阪市北区天神橋6丁目4-20,,,,http://house.sumai.city.osaka.jp/museum/
近つ飛鳥博物館　,27,南河内郡河南町大字東山299,,,,http://www.mediajoy.com/chikatsu/index_j.html
なにわの海の時空館　,27,大阪市住之江区南港北2-5-20,,,,http://www.jikukan.or.jp/
日本民家集落博物館 　,27,豊中市服部緑地1-2,,,,http://www.occh.or.jp/minka/
松下電器　歴史館　,27,門真市大字門真1006,,,,http://panasonic.co.jp/rekishikan/
松下幸之助記念館　,27,守口市松下町1番1号,,,,http://panasonic.co.jp/mbi/event/event06.html
世界の貯金箱博物館,28,尼崎市西本町北通3丁目93,,,,
伊丹市昆虫館,28,伊丹市昆陽池3-1昆陽池公園内,,,,
手塚治虫記念館,28,宝塚市武庫川町7-65,,,,
宝塚カートフィールド,28,宝塚市川面,,,,
神戸ファッション美術館,28,神戸市東灘区向洋町中2-9-1,,,,
灘浜サイエンススクエア,28,神戸市灘区灘浜東町2番地,,,,
人と防災未来センター,28,神戸市中央区脇浜海岸通 1-5-2,,,,
UCCコーヒー博物館,28,神戸市中央区港島中町6丁目6-2,,,,
ひめじ手柄山遊園,28,姫路市西延末,,,,
そうめんの里,28,たつの市神岡町奥村56番地 ,,,,
太陽公園,28,姫路市打越1340,,,,
水道資料館・水の館,28,姫路市豊富町豊富1849番地,,,,
生野銀山,28,朝来市生野町小野字大谷筋33-5,,,,
植村直己冒険館,28,豊岡市日高町伊府785,,,,
海の文化館,28,香住町境1113番地,,,,
中浜稔猫美術館,28,淡路市浦668-2,,,,
世界平和観音像,28,淡路市釜口,,,,
静の里とタコせんべい工場,28,淡路市志筑,,,,
淡路ワールドパークONOKORO,28,淡路市塩田新島8-5,,,,
謎のパラダイス立川水仙郷,28,洲本市由良町由良2877-22 ,,,,
明石市立天文科学館　,28,明石市人丸町2-6,,,,http://www.am12.akashi.hyogo.jp/
芦屋市立美術博物館　,28,芦屋市伊勢町12-25,,,,http://www.ashiya-web.or.jp/museum/
芦屋市谷崎潤一郎記念館　,28,芦屋市伊勢町12番15号,,,,http://www.tanizakikan.com/
伊丹市昆虫館　,28,伊丹市昆陽池3-1昆陽池公園内,,,,http://www.itakon.com/
生野銀山,28,朝来市生野町小野大谷筋33-5,,,,http://www.ikuno-ginzan.co.jp/
植村直己冒険館,28,豊岡市日高町伊府785,,,,http://www.boukenkan.jp/
カワサキワールド,28,神戸市中央区波止場町2-2,,,,http://www.khi.co.jp/kawasakiworld/
黒川古文化研究所　,28,西宮市苦楽園三番町14-50,,,,http://www.kurokawa-institute.or.jp/
玄武洞ミュージアム　,28,豊岡市赤石1362,,,,http://www3.ocn.ne.jp/~genbudo/
神戸らんぷミュージアム　,28,神戸市中央区京町80番,,,,http://www.kepco.co.jp/pr/ranpu/
神戸海洋博物館　,28,神戸市中央区波止場町２－２,,,,http://www.kobe-meriken.or.jp/maritime-museum/
神戸市立青少年科学館　,28,神戸市中央区港島中町7-7-6,,,,http://www.ksm.or.jp/
竹中大工道具館　,28,神戸市中央区中山手通4-18-25,,,,http://dougukan.jp/
日本玩具博物館　,28,神崎郡香寺町中仁野671-3,,,,http://www.japan-toy-museum.org/
姫路科学館　,28,姫路市青山1470番地の15,,,,http://www.city.himeji.hyogo.jp/atom/
姫路ガスエネルギー館　,28,姫路市白浜町灘浜1番地,,,,http://www.osakagas.co.jp/community/enekan/
兵庫県木の殿堂　,28,美方郡香美町村岡区和池951,,,,http://www.inaker.or.jp/~wood/index.html
兵庫県立考古博物館　,28,加古郡播磨町大中500,,,,http://www.hyogo-koukohaku.jp/
兵庫県立人と自然の博物館 　,28,三田市弥生が丘6丁目,,,,http://www.nat-museum.sanda.hyogo.jp/index.html
UCCコーヒー博物館　,28,神戸市中央区港島中町6-6-2,,,,http://www.ucc.co.jp/museum/
屯鶴峯,29,香芝市穴虫,,,,
森と水の源流館,29,吉野郡川上村宮の平,,,,
谷瀬の吊橋,29,十津川村谷瀬,,,,
橿原市昆虫館 　,29,橿原市南山町624（香久山公園内）,,,,http://www.city.kashihara.nara.jp/insect/
国営飛鳥歴史公園 　,29,高市郡明日香村大字平田538,,,,http://www.asuka-park.gr.jp/
五條文化博物館　,29,五條市北山町930番地の2,,,,http://www.city.gojo.lg.jp/icity/browser?ActionCode=genlist&GenreID=1152678625180
水平社博物館　,29,御所市柏原235-2,,,,http://www1.mahoroba.ne.jp/~suihei/
高松塚壁画館 　,29,高市郡明日香村平田439番地,,,,http://www.asukabito.or.jp/asukabito/untakam.htm
奈良県立橿原考古学研究所附属博物館 　,29,橿原市畝傍町50-2,,,,http://www.kashikoken.jp/museum/
奈良県立万葉文化館　,29,高市郡明日香村飛鳥10,,,,http://www.manyo.jp/
奈良県立民俗博物館 　,29,大和郡山市矢田町545,,,,http://www.pref.nara.jp/bunkak/minpaku/
柳沢文庫　,29,大和郡山市城内町2-18,,,,http://www.mahoroba.ne.jp/~yngbunko/index.html
友ヶ島砲台群,30,和歌山市加太210,,,,
淡嶋神社,30,和歌山市加太116 ,,,,
メロディロード,30,海草郡 紀美野町赤木,,,,
小原洞窟恐竜ランド,30,伊都郡花園村梁瀬1020,,,,
きのくにカートランド,30,田辺市中辺路町川合,,,,
白浜美術館,30,西牟婁郡白浜町1,,,,
白浜エネルギーランド,30,西牟妻群白浜町3083,,,,
白浜民俗温泉資料館,30,西牟婁郡白浜町白浜2054-1,,,,
三段壁洞窟,30,西牟婁郡白浜町三段 2927-52,,,,
イノブータン王国,30,西牟婁郡すさみ町見老津1-32,,,,
太地くじら浜公園,30,東牟婁郡太地町大字太地2934-2,,,,
落合博満野球記念館,30,東牟婁郡太地町神ノ浦1099-5,,,,
紀伊風土記の丘　,30,和歌山市岩橋1411,,,,http://www.kiifudoki.wakayama-c.ed.jp/
紀州博物館　,30,西牟婁郡白浜町2054-4,,,,http://www.aikis.or.jp/~kishyu/
串本海中公園　,30,東牟婁郡串本町有田1157,,,,http://www.kushimoto.co.jp/
白浜エネルギーランド　,30,西牟婁郡白浜町3083,,,,http://www.royalpines.co.jp/shirahama/
太地町立くじらの博物館　,30,東牟婁郡太地町大字太地2934-2,,,,http://www.town.taiji.wakayama.jp/museum/
南方熊楠記念館　,30,西牟婁郡白浜町3601-1(番所山),,,,http://www.minakatakumagusu-kinenkan.jp/
鳥取県立山陰海岸自然科学館　,31,岩美郡岩美町牧谷1794-4,,,,http://www.iwami.gr.jp/information/pf/study/science.html
わらべ館,31,鳥取市西町3-202,,,,http://www.warabe.or.jp/
珍宝石さん,32,島根県松江市玉湯町玉造,,,,
出雲市立平田本陣記念館　,32,出雲市平田町515番地,,,,http://www9.ocn.ne.jp/~kyuhon/
絲原記念館　,32,仁多郡奥出雲町雨川,,,,http://www.itoharas.com/
石見銀山資料館　,32,大田市大森町ハ-51-1,,,,http://fish.miracle.ne.jp/silver/
雲州そろばん伝統産業会館　,32,仁多郡奥出雲町横田992-2,,,,http://fish.miracle.ne.jp/us88/
奥出雲多根自然博物館　,32,仁多郡奥出雲町佐白236-1,,,,http://www.tanemuseum.jp/
島根県立三瓶自然館サヒメル　,32,大田市三瓶町多根1121-8,,,,http://nature-sanbe.jp/sahimel/
島根県立しまね海洋館　,32,浜田市久代町1117-2,,,,http://www.aquas.or.jp/
島根県立宍道湖自然館ゴビウス　,32,出雲市園町沖の島1659-5,,,,http://www.gobius.jp/
島根県立古代出雲歴史博物館　,32,松江市殿町1番地,,,,http://www.izm.ed.jp/
玉湯町立出雲玉作資料館　,32,八束郡玉湯町玉造99-3,,,,http://www.town.tamayu.shimane.jp/shiryoukan/
手銭記念館　,32,出雲市大社町杵築西2450,,,,http://www.icv.ne.jp/~tezen3/
仁摩サンドミュージアム　,32,大田市仁摩町天河内975,,,,http://www.sandmuseum.jp/
益田市立雪舟の郷記念館　,32,益田市乙吉町ｲ1149,,,,http://www.iwami.or.jp/sessyu3/
益田市立歴史民俗資料館　,32,益田市本町6番8号,,,,http://www.iwami.or.jp/rekimin/
水の国　,32,江津市桜江町坂本2025,,,,http://www.mizunokuni.jp/
瑞穂ハンザケ自然館　,32,邑智郡邑南町上亀谷475,,,,http://www.town.ohnan.lg.jp/homepage/hanzake/
八雲立つ風土記の丘資料館 　,32,松江市大庭町456,,,,http://www.yakumotatu-fudokinooka.jp/
和鋼博物館　,32,安来市安来町1058,,,,http://www.wakou-museum.gr.jp/
岡山天文博物館　,33,浅口郡鴨方町本庄3037-5,,,,http://www.rweb.ne.jp/astro/index.html
笠岡市立カブトガニ博物館　,33,笠岡市横島1946-2,,,,http://www.city.kasaoka.okayama.jp/0012/0001.html
吉備高原ニューサイエンス館 　,33,加賀郡吉備中央町吉川4124-5,,,,http://www.optic.or.jp/zaidan/nskan/
倉敷科学センター　,33,倉敷市福田町古新田940,,,,http://www.city.kurashiki.okayama.jp/lifepark/ksc/index.htm
倉敷昆虫館 　,33,倉敷市幸町2-30,,,,http://www.shigei.or.jp/ento_museum/
倉敷市立自然史博物館　,33,倉敷市中央2-6-1,,,,http://www.city.kurashiki.okayama.jp/musnat/index.htm
現代玩具博物館・オルゴール夢館　,33,美作市後山1707-11,,,,http://www.toymuseum-okayama.jp/
野崎家塩業歴史館　,33,倉敷市児島味野1-11-19,,,,http://www.naikai.co.jp/J_MUSEUM.htm
ライフパーク倉敷 倉敷埋蔵文化財センター　,33,倉敷市福田町古新田940番地,,,,http://www.kurashiki-oky.ed.jp/lpk/m-lpk/
海上自衛隊　呉史料館,34,呉市宝町5-32,,,,http://www.jmsdf-kure-museum.jp/
ガラスの里　,34,広島市安佐北区大林2-12-55,,,,http://www.garasunosato.net/
耕三寺博物館　,34,尾道市瀬戸田町瀬戸田553-2,,,,http://www.kousanji.or.jp/
日本はきもの博物館,34,福山市松永町4-16-27,,,,http://www.footandtoy.jp/
日本郷土玩具博物館　,34,,,,,http://www.footandtoy.jp/
広島県立歴史博物館　,34,福山市西町2-4-1,,,,http://www.manabi.pref.hiroshima.jp/rekishih/
広島市江波山気象館 　,34,広島市中区江波南1-40-1,,,,http://www.ebayama.jp/
広島市健康づくりセンター健康科学館　,34,広島市中区千田町3-8-6,,,,http://www5.ocn.ne.jp/~kenkouka/
広島市交通科学館　,34,広島市安佐南区長楽寺2-12-2,,,,http://www.vehicle.city.hiroshima.jp/
広島市こども文化科学館　,34,広島市中区基町5-83,,,,http://www.pyonta.city.hiroshima.jp/
広島平和記念資料館　,34,広島市中区中島町1-2,,,,http://www.pcf.city.hiroshima.jp/
福山自動車時計博物館　,34,福山市北吉津町3-1-22,,,,http://www.facm.net/
府中家具木工資料館　,34,府中市中須町1647,,,,http://www.fuchu.or.jp/~kagu/museum/
筆の里工房　,34,安芸郡熊野町3115-1,,,,http://www.fude.or.jp/
ホロコースト記念館　,34,福山市御幸町中津原866,,,,http://www.urban.ne.jp/home/hecjpn/
マツダミュージアム　,34,安芸郡府中町新地3番1号,,,,http://www.mazda.co.jp/museum/
大和ミュージアム,34,呉市宝町5-20,,,,http://www.yamato-museum.com/
美川ムーバレー,35,玖珂郡美川町根笠1564-1,,,,
秋吉台科学博物館　,35,美祢郡秋芳町秋吉,,,,http://www.urban.ne.jp/home/akihaku/
下関市立近代先人顕彰館（田中絹代ぶんか館）　,35,下関市田中町5番7号,,,,http://www.kinuyo-bunka.jp/
豊田ホタルの里ミュージアム　,35,下関市豊田町大字中村50-3,,,,http://www.hotaru-museum.jp/
防府市青少年科学館ソラール　,35,防府市寿町6-41,,,,http://www6.ocn.ne.jp/~solar/
星野哲郎記念館　,35,大島郡周防大島町大字平野417-11,,,,http://www.hoshino-museum.jp/
山口県立山口博物館　,35,山口市春日町8-2,,,,http://www.yamahaku.pref.yamaguchi.lg.jp/
徳島県立21世紀館　,36,徳島市八万町向寺山,,,,http://www.21ccic.comet.go.jp/
人形浄瑠璃芝居資料館　,36,板野郡松茂町広島字四番越11番地の1,,,,http://joruri.jp/
金刀比羅宮　,37,仲多度郡琴平町892-1,,,,http://www.konpira.or.jp/
坂出市塩業資料館　,37,坂出市大屋冨町1777-12,,,,http://www.city.sakaide.kagawa.jp/kurasi/sisetu/engyou.html
坂出市郷土資料館　,37,坂出市寿町１丁目３－５,,,,http://www.city.sakaide.kagawa.jp/kurasi/sisetu/kyoudo.html
四国民家博物館四国村,37,高松市屋島中町91,,,,http://www.shikokumura.or.jp/
小豆島 尾崎放哉記念館　,37,小豆郡土庄町本町甲1082,,,,http://www2.netwave.or.jp/~hosai/
瀬戸内海歴史民俗資料館　,37,高松市亀水町1412－2,,,,http://www.pref.kagawa.jp/setorekishi/
平家物語歴史館　,37,高松市朝日町3-6-38,,,,http://www.heike-rekishikan.jp/
宇和島市立伊達博物館 　,38,宇和島市御殿町9-14,,,,http://www.city.uwajima.ehime.jp/datehaku/
坂の上の雲ミュージアム,38,松山市一番町三丁目20番地,,,,http://www.sakanouenokumomuseum.jp/
野村町シルク博物館　,38,東宇和郡野村町大字野村8号177-1,,,,http://www.city.seiyo.ehime.jp/nomura/nomura/sight/silk/silk2.htm
鉄道歴史パーク in SAIJO(四国鉄道文化館)　,38,西条市大町798番地1,,,,http://www.city.saijo.ehime.jp/khome/kanko/oshirase/tetsudorekishi.html
松山市立子規記念博物館　,38,松山市道後公園1-30,,,,http://www.city.matsuyama.ehime.jp/sikihaku/
民芸伊予かすり会館,38,松山市久万ノ台1200,,,,http://aspgw1.ehime-iinet.or.jp/sk-gr/
村上水軍博物館　,38,今治市宮窪町宮窪1285番地,,,,http://www.city.imabari.ehime.jp/bunka/suigun/
いの町 紙の博物館　,39,吾川郡伊野町幸町110-1,,,,http://www.k3.dion.ne.jp/~tosawasi/
高知県埋蔵文化財センター　,39,南国市篠原南泉1437-1,,,,http://www.kochi-bunkazaidan.or.jp/~maibun/
高知県立坂本龍馬記念館 　,39,高知市浦戸城山８３０,,,,http://www.kochi-bunkazaidan.or.jp/~ryoma/
高知県立文学館　,39,高知市丸ノ内1-1-20,,,,http://kochi-bunkazaidan.or.jp/~bungaku/
高知市立自由民権記念館 　,39,高知市桟橋通4丁目14-3,,,,http://www.minken.city.kochi.kochi.jp/
四国自動車博物館　,39,香南市野市町大谷896,,,,http://www.vistanet.co.jp/museum.htm
龍河洞博物館　,39,香美市土佐山田町,,,,http://www.ryugadou.or.jp/
龍馬歴史館　,39,香南市野市町大谷928-1,,,,http://www.baobab.or.jp/~ryoma/
龍馬の生まれたまち記念館　,39,高知市上町2-6-33,,,,http://www.inforyoma.or.jp/hometown/
田川市石炭・歴史博物館,40,田川市大字伊田2734番地の1 ,,,日田彦山線　田川伊田駅下車　徒歩8分,http://www.joho.tagawa.fukuoka.jp/sekitan/
いのちのたび博物館［北九州市立 自然史・歴史博物館］　,40,北九州市八幡東区東田2-4-1,,,,http://www.kmnh.jp/
おおむた石炭ＷＯＲＬＤ,40,大牟田市岬町6-23,,,,http://www.sekitan-omuta.jp/
春日市奴国の丘歴史資料館 　,40,春日市岡本3-57,,,,http://www.city.kasuga.fukuoka.jp/nakoku/
北九州市ほたる館　,40,北九州市小倉北区熊谷2-5-1,,,,http://www.qbiz.ne.jp/cecera/hotarukan/index.html
九州電力　九州エネルギー館　,40,福岡市中央区薬院4-13-55,,,,http://www1.kyuden.co.jp/life_pavilion_enekan_index
スペースワールド,40,北九州市八幡東区東田4-1-1,,,,http://www.spaceworld.co.jp/
せせら[水環境館],40,北九州市小倉北区船場町1-2,,,,http://www.qbiz.ne.jp/cecera/mizukkan/
太宰府市文化ふれあい館　,40,太宰府市国分4-9-1,,,,http://dazaifu.mma.co.jp/
筑前町立大刀洗平和記念館　,40,朝倉郡筑前町高田2561-1,,,,http://tachiarai-heiwa.jp/
松本清張記念館　,40,北九州市小倉北区城内2-3,,,,http://www.kid.ne.jp/seicho/html/index.html
三池カルタ記念館　,40,大牟田市宝坂町2-2-3,,,,http://www.library.city.omuta.fukuoka.jp/karuta/index.html
みやこ町歴史民俗資料館　,40,京都郡みやこ町豊津1122-13,,,,http://www.town.miyako.lg.jp/kankou/kankospot/hakubutukan.jsp
佐賀県立宇宙科学館,41,多久市東多久町別府,,,,http://www.saga-ecf.or.jp/
佐賀県立九州陶磁文化館　,41,西松浦郡有田町戸杓乙3100-1,,,,http://www.pref.saga.lg.jp/at-contents/kanko_bunka/k_shisetsu/kyuto/
佐賀県立名護屋城博物館　,41,唐津市鎮西町名護屋1931番3,,,,http://www.pref.saga.lg.jp/at-contents/kanko_bunka/k_shisetsu/nagoya/nagoyaindex.htm
雲仙岳災害記念館,42,島原市平成町1-1,,,,http://www.udmh.or.jp/
シーボルト記念館　,42,長崎市鳴滝2-7-40,,,,http://www1.city.nagasaki.nagasaki.jp/siebold/
国立長崎原爆死没者追悼平和祈念館,42,長崎市平野町7-8,,,,http://www.peace-nagasaki.go.jp/
長崎原爆資料館,42,長崎市平野町7-8,,,,http://www1.city.nagasaki.nagasaki.jp/peace/japanese/abm/index.html
長崎歴史文化博物館　,42,長崎市立山1丁目1番1号,,,,http://www.nmhc.jp/
長崎孔子廟中国歴代博物館　,42,長崎市大浦町10-36,,,,http://www5.ocn.ne.jp/~kousibyo/
長崎ペンギン水族館　,42,長崎市宿町３番地16,,,,http://penguin-aqua.jp/
日本二十六聖人記念館　,42,長崎市西坂町7-8,,,,http://www.26martyrs.com/
松浦史料博物館　,42,平戸市鏡川町12番地,,,,http://matsura.or.jp/
三菱重工業　長崎造船所史料館　,42,長崎市飽の浦町1-1,,,,http://www.mhi.co.jp/company/facilities/history/index.html
阿蘇火山博物館　,43,阿蘇市赤水1930-1,,,,http://www.asomuse.jp/
熊本県立装飾古墳館 　,43,山鹿市鹿央町岩原3085,,,,http://www.kofunkan.pref.kumamoto.jp/
新聞博物館/熊本日日新聞社,43,熊本市世安町172,,,,http://kumanichi.com/museum/museum.html
九州自動車歴史館　,44,由布市湯布院町川上字無田1539-1,,,,http://members.aol.com/rekisikan/
鯛生金山　,44,日田郡中津江村合瀬3750,,,,http://www.nakatsue.com/taiogold/
大分県マリンカルチャーセンター　,44,佐伯市蒲江大字竹野浦河内1834-2,,,,http://www.oitamcc.com/
予科練資料館　,44,大分市上野丘1-7-16,,,,http://www.yokaren.net/
木城えほんの郷　,45,児湯郡木城町石河内475,,,,http://service.kijo.jp/~ehon/
みやざき歴史文化館　,45,宮崎市大字芳士2258-3,,,,http://www.city.miyazaki.miyazaki.jp/cul/rekisi/
宮崎大学農学部附属農業博物館　,45,宮崎市学園木花台西1-1,,,,http://www.agr.miyazaki-u.ac.jp/~museum/index.html
維新ふるさと館　,46,,,,,http://www.ishinfurusatokan.info/
海上自衛隊　鹿屋航空基地　史料館　,46,鹿屋市西原3-11-2,,,,http://www.mod.go.jp/msdf/kanoya/sryou/msdf-ks/
かごしま近代文学館・かごしまメルヘン館　,46,鹿児島市城山町5-1,,,,http://www.kinmeru.or.jp/
鹿児島県立埋蔵文化財センター　,46,霧島市国分上野原縄文の森2-1,,,,http://www.jomon-no-mori.jp/mbntop1.htm
鹿児島県歴史資料センター黎明館　,46,鹿児島市城山町7-2,,,,http://reimeikan.pref.kagoshima.jp/
鹿児島市立西郷南洲顕彰館　,46,鹿児島市上竜尾町2-1,,,,http://www.h2.dion.ne.jp/~saigou/
ツル博物館クレインパークいずみ　,46,出水市文化町1000,,,,http://www.city.izumi.kagoshima.jp/izumi_crane/default.asp
屋久町立屋久杉自然館　,46,熊毛郡屋久町安房2739-343,,,,http://www5.ocn.ne.jp/~yakumuse/
沖縄県公文書館(ねっとOPA),47,南風原町字新川148-3,,,,http://www.archives.pref.okinawa.jp/
沖縄県立芸術大学附属図書・芸術資料館　,47,那覇市首里当蔵町1-4,,,,http://www.lib.okigei.ac.jp/lib.html
沖縄県平和祈念資料館　,47,糸満市摩文仁614-1,,,,http://www.peace-museum.pref.okinawa.jp/
恩納村博物館　,47,国頭郡恩納村字仲泊1658-8,,,,http://www.vill.onna.okinawa.jp/gyosei/sisetsu/
今帰仁村歴史文化センター　,47,国頭郡今帰仁村字今泊5110,,,,http://rekibun.jp/
対馬丸記念館　,47,那覇市若狭1-25-37,,,,http://www.tsushimamaru.or.jp/
那覇市伝統工芸館　,47,那覇市牧志3-2-10　てんぶす那覇2F,,,,http://www3.ocn.ne.jp/~nadeko/
那覇市立壷屋焼物博物館　,47,那覇市壺屋1-9-32,,,,http://www.edu.city.naha.okinawa.jp/tsuboya/
ひめゆり平和祈念資料館　,47,糸満市字伊原671-1,,,,http://www.himeyuri.or.jp/
